{
  "env": "development",
  "dev": true,
  "protocol": "http",
  "domain": "localhost",
  "port": 3000,
  "api": "http://localhost:3000",
  "db": "mongodb://192.168.99.100:27017/unslacker-dev",
  "google": {
    "clientID": "62351010161-eqcnoa340ki5ekb9gvids4ksgqt9hf48.apps.googleusercontent.com",
    "clientSecret": "6cKCWD75gHgzCvM4VQyR5_TU",
    "loginURL": "/auth/google",
    "callbackURL": "/auth/google/callback",
    "successRedirect": "/",
    "failureRedirect": "/"
  },
  "lorem-ipsum": 5
}
